frame,condition,filename,thorax_mosquito1,thorax_mosquito2,abdo1_mosquito1,abdo1_mosquito2,abdo2_mosquito1,abdo2_mosquito2,abdo3_mosquito1,abdo3_mosquito2,abdo4_mosquito1,abdo4_mosquito2
0,0,labels_v001_193_09_14_21_ Cage Tsom_ 2_Virgin_sub1_357_359_analysis,"(np.float64(1240.501953125), np.float64(1028.5623779296875))","(np.float64(1309.3677978515625), np.float64(1083.4605712890625))","(np.float64(1224.4102783203125), np.float64(1036.9542236328125))","(np.float64(1321.4443359375), np.float64(1093.74169921875))","(np.float64(1216.30712890625), np.float64(1061.075927734375))","(np.float64(1331.048828125), np.float64(1111.7684326171875))","(np.float64(1212.349609375), np.float64(1088.8070068359375))","(np.float64(1341.14013671875), np.float64(1131.642578125))","(np.float64(1208.24267578125), np.float64(1122.585205078125))","(np.float64(1353.3260498046875), np.float64(1139.6546630859375))"
1,0,labels_v001_193_09_14_21_ Cage Tsom_ 2_Virgin_sub1_357_359_analysis,"(np.float64(1238.47412109375), np.float64(1027.8238525390625))","(np.float64(1308.8408203125), np.float64(1082.484375))","(np.float64(1224.0179443359375), np.float64(1037.07373046875))","(np.float64(1320.8831787109375), np.float64(1094.1976318359375))","(np.float64(1215.9332275390625), np.float64(1061.197021484375))","(np.float64(1328.9776611328125), np.float64(1112.321533203125))","(np.float64(1212.030517578125), np.float64(1088.917724609375))","(np.float64(1340.622314453125), np.float64(1132.142822265625))","(np.float64(1207.8818359375), np.float64(1122.6680908203125))","(np.float64(1352.6575927734375), np.float64(1140.361083984375))"
2,0,labels_v001_193_09_14_21_ Cage Tsom_ 2_Virgin_sub1_357_359_analysis,"(np.float64(1240.18505859375), np.float64(1028.596923828125))","(np.float64(1308.847900390625), np.float64(1082.7408447265625))","(np.float64(1224.109375), np.float64(1036.9947509765625))","(np.float64(1320.8946533203125), np.float64(1094.466064453125))","(np.float64(1216.0101318359375), np.float64(1061.114990234375))","(np.float64(1328.9951171875), np.float64(1112.6009521484375))","(np.float64(1212.0855712890625), np.float64(1088.847412109375))","(np.float64(1340.600830078125), np.float64(1132.439453125))","(np.float64(1207.908935546875), np.float64(1122.62255859375))","(np.float64(1352.6368408203125), np.float64(1140.7437744140625))"
3,0,labels_v001_193_09_14_21_ Cage Tsom_ 2_Virgin_sub1_357_359_analysis,"(np.float64(1240.219970703125), np.float64(1028.6328125))","(np.float64(1309.0289306640625), np.float64(1082.890625))","(np.float64(1224.1407470703125), np.float64(1037.0501708984375))","(np.float64(1321.134521484375), np.float64(1094.620849609375))","(np.float64(1216.037353515625), np.float64(1061.1483154296875))","(np.float64(1329.1827392578125), np.float64(1112.720458984375))","(np.float64(1212.117919921875), np.float64(1088.88671875))","(np.float64(1340.7821044921875), np.float64(1132.5592041015625))","(np.float64(1208.0482177734375), np.float64(1122.643310546875))","(np.float64(1352.763916015625), np.float64(1140.856201171875))"
4,0,labels_v001_193_09_14_21_ Cage Tsom_ 2_Virgin_sub1_357_359_analysis,"(np.float64(1240.5533447265625), np.float64(1028.5968017578125))","(np.float64(1309.153076171875), np.float64(1082.8292236328125))","(np.float64(1224.5196533203125), np.float64(1037.0054931640625))","(np.float64(1321.2359619140625), np.float64(1094.5654296875))","(np.float64(1216.3709716796875), np.float64(1061.093994140625))","(np.float64(1329.285400390625), np.float64(1112.667236328125))","(np.float64(1212.4248046875), np.float64(1088.83056640625))","(np.float64(1340.908447265625), np.float64(1132.5159912109375))","(np.float64(1208.3807373046875), np.float64(1122.603271484375))","(np.float64(1351.3690185546875), np.float64(1140.7904052734375))"
5,0,labels_v001_193_09_14_21_ Cage Tsom_ 2_Virgin_sub1_357_359_analysis,"(np.float64(1240.4163818359375), np.float64(1028.657470703125))","(np.float64(1309.1063232421875), np.float64(1082.6971435546875))","(np.float64(1224.3914794921875), np.float64(1037.085693359375))","(np.float64(1321.19921875), np.float64(1094.3826904296875))","(np.float64(1216.2880859375), np.float64(1061.0872802734375))","(np.float64(1329.2474365234375), np.float64(1112.50439453125))","(np.float64(1212.3770751953125), np.float64(1088.8668212890625))","(np.float64(1340.9151611328125), np.float64(1132.34326171875))","(np.float64(1208.2718505859375), np.float64(1122.6474609375))","(np.float64(1352.8814697265625), np.float64(1140.5196533203125))"
6,0,labels_v001_193_09_14_21_ Cage Tsom_ 2_Virgin_sub1_357_359_analysis,"(np.float64(1238.565185546875), np.float64(1028.695068359375))","(np.float64(1309.082763671875), np.float64(1082.728759765625))","(np.float64(1224.212890625), np.float64(1037.1630859375))","(np.float64(1321.157958984375), np.float64(1094.4520263671875))","(np.float64(1216.153076171875), np.float64(1061.145751953125))","(np.float64(1329.2177734375), np.float64(1112.5679931640625))","(np.float64(1212.232177734375), np.float64(1088.9249267578125))","(np.float64(1340.880615234375), np.float64(1132.4093017578125))","(np.float64(1208.0728759765625), np.float64(1122.71435546875))","(np.float64(1352.8677978515625), np.float64(1140.6412353515625))"
7,0,labels_v001_193_09_14_21_ Cage Tsom_ 2_Virgin_sub1_357_359_analysis,"(np.float64(1238.3837890625), np.float64(1028.7086181640625))","(np.float64(1308.760009765625), np.float64(1083.00341796875))","(np.float64(1224.033935546875), np.float64(1037.189208984375))","(np.float64(1320.8385009765625), np.float64(1094.708740234375))","(np.float64(1215.962890625), np.float64(1061.149658203125))","(np.float64(1328.890380859375), np.float64(1112.82080078125))","(np.float64(1212.0498046875), np.float64(1088.9420166015625))","(np.float64(1340.5694580078125), np.float64(1132.6712646484375))","(np.float64(1207.9112548828125), np.float64(1122.713623046875))","(np.float64(1350.95263671875), np.float64(1141.042724609375))"
8,0,labels_v001_193_09_14_21_ Cage Tsom_ 2_Virgin_sub1_357_359_analysis,"(np.float64(1238.40771484375), np.float64(1028.5870361328125))","(np.float64(1308.705078125), np.float64(1082.816162109375))","(np.float64(1224.1038818359375), np.float64(1037.053955078125))","(np.float64(1320.7821044921875), np.float64(1094.5242919921875))","(np.float64(1216.0274658203125), np.float64(1061.02197265625))","(np.float64(1328.8548583984375), np.float64(1112.6380615234375))","(np.float64(1212.09619140625), np.float64(1088.812744140625))","(np.float64(1340.4993896484375), np.float64(1132.495849609375))","(np.float64(1207.981689453125), np.float64(1122.5869140625))","(np.float64(1350.8968505859375), np.float64(1140.9136962890625))"
9,0,labels_v001_193_09_14_21_ Cage Tsom_ 2_Virgin_sub1_357_359_analysis,"(np.float64(1238.630615234375), np.float64(1028.6661376953125))","(np.float64(1308.798828125), np.float64(1083.076171875))","(np.float64(1224.23095703125), np.float64(1037.1199951171875))","(np.float64(1320.91015625), np.float64(1094.7965087890625))","(np.float64(1216.1466064453125), np.float64(1061.0985107421875))","(np.float64(1328.9444580078125), np.float64(1112.902587890625))","(np.float64(1212.25048828125), np.float64(1088.89013671875))","(np.float64(1340.5784912109375), np.float64(1132.7568359375))","(np.float64(1208.125), np.float64(1122.6893310546875))","(np.float64(1350.8919677734375), np.float64(1142.687255859375))"
10,0,labels_v001_193_09_14_21_ Cage Tsom_ 2_Virgin_sub1_357_359_analysis,"(np.float64(1240.416259765625), np.float64(1028.7493896484375))","(np.float64(1308.9527587890625), np.float64(1082.779541015625))","(np.float64(1224.353759765625), np.float64(1037.1861572265625))","(np.float64(1321.0352783203125), np.float64(1094.498291015625))","(np.float64(1216.28369140625), np.float64(1061.1600341796875))","(np.float64(1329.0819091796875), np.float64(1112.5711669921875))","(np.float64(1212.3853759765625), np.float64(1088.9595947265625))","(np.float64(1340.697509765625), np.float64(1132.4617919921875))","(np.float64(1208.27490234375), np.float64(1122.70849609375))","(np.float64(1350.8082275390625), np.float64(1140.904052734375))"
11,0,labels_v001_193_09_14_21_ Cage Tsom_ 2_Virgin_sub1_357_359_analysis,"(np.float64(1240.351806640625), np.float64(1028.6815185546875))","(np.float64(1308.9168701171875), np.float64(1082.9036865234375))","(np.float64(1224.3115234375), np.float64(1037.1092529296875))","(np.float64(1321.0035400390625), np.float64(1094.613525390625))","(np.float64(1216.2225341796875), np.float64(1061.08203125))","(np.float64(1329.0751953125), np.float64(1112.6939697265625))","(np.float64(1212.33203125), np.float64(1088.895263671875))","(np.float64(1340.686767578125), np.float64(1132.61328125))","(np.float64(1208.2236328125), np.float64(1122.64599609375))","(np.float64(1349.1964111328125), np.float64(1140.882080078125))"
12,0,labels_v001_193_09_14_21_ Cage Tsom_ 2_Virgin_sub1_357_359_analysis,"(np.float64(1240.2393798828125), np.float64(1028.6868896484375))","(np.float64(1308.6053466796875), np.float64(1083.1533203125))","(np.float64(1224.2071533203125), np.float64(1037.10791015625))","(np.float64(1320.688232421875), np.float64(1094.852783203125))","(np.float64(1216.118408203125), np.float64(1061.082275390625))","(np.float64(1330.2835693359375), np.float64(1112.94091796875))","(np.float64(1212.2242431640625), np.float64(1088.900634765625))","(np.float64(1340.3529052734375), np.float64(1132.89599609375))","(np.float64(1208.132080078125), np.float64(1122.640380859375))","(np.float64(1348.7852783203125), np.float64(1141.2764892578125))"
13,0,labels_v001_193_09_14_21_ Cage Tsom_ 2_Virgin_sub1_357_359_analysis,"(np.float64(1240.2318115234375), np.float64(1028.7171630859375))","(np.float64(1308.50390625), np.float64(1083.3172607421875))","(np.float64(1224.193115234375), np.float64(1037.1392822265625))","(np.float64(1320.6085205078125), np.float64(1095.014892578125))","(np.float64(1216.09619140625), np.float64(1061.1085205078125))","(np.float64(1330.1904296875), np.float64(1113.133544921875))","(np.float64(1212.2021484375), np.float64(1088.9241943359375))","(np.float64(1340.2166748046875), np.float64(1133.11474609375))","(np.float64(1208.1444091796875), np.float64(1121.24658203125))","(np.float64(1348.5126953125), np.float64(1143.0966796875))"
14,0,labels_v001_193_09_14_21_ Cage Tsom_ 2_Virgin_sub1_357_359_analysis,"(np.float64(1240.261474609375), np.float64(1028.7896728515625))","(np.float64(1308.4332275390625), np.float64(1083.548095703125))","(np.float64(1224.2017822265625), np.float64(1037.1988525390625))","(np.float64(1320.5460205078125), np.float64(1095.257568359375))","(np.float64(1216.1016845703125), np.float64(1061.17578125))","(np.float64(1330.1053466796875), np.float64(1113.39501953125))","(np.float64(1212.2076416015625), np.float64(1088.988525390625))","(np.float64(1340.0845947265625), np.float64(1133.429931640625))","(np.float64(1208.1357421875), np.float64(1121.3082275390625))","(np.float64(1348.322021484375), np.float64(1141.885498046875))"
15,0,labels_v001_193_09_14_21_ Cage Tsom_ 2_Virgin_sub1_357_359_analysis,"(np.float64(1240.3226318359375), np.float64(1028.7496337890625))","(np.float64(1308.6138916015625), np.float64(1083.5321044921875))","(np.float64(1224.2724609375), np.float64(1037.17333984375))","(np.float64(1320.7293701171875), np.float64(1095.2423095703125))","(np.float64(1216.1839599609375), np.float64(1061.1353759765625))","(np.float64(1330.3057861328125), np.float64(1113.35498046875))","(np.float64(1212.2987060546875), np.float64(1088.95263671875))","(np.float64(1340.2713623046875), np.float64(1133.3841552734375))","(np.float64(1208.1856689453125), np.float64(1121.283935546875))","(np.float64(1348.52294921875), np.float64(1141.7381591796875))"
16,0,labels_v001_193_09_14_21_ Cage Tsom_ 2_Virgin_sub1_357_359_analysis,"(np.float64(1240.4365234375), np.float64(1028.760986328125))","(np.float64(1308.68603515625), np.float64(1083.5367431640625))","(np.float64(1224.3753662109375), np.float64(1037.187744140625))","(np.float64(1320.8172607421875), np.float64(1095.2452392578125))","(np.float64(1216.293701171875), np.float64(1061.1566162109375))","(np.float64(1330.391357421875), np.float64(1113.358642578125))","(np.float64(1212.4185791015625), np.float64(1088.966552734375))","(np.float64(1340.3477783203125), np.float64(1133.3861083984375))","(np.float64(1208.2525634765625), np.float64(1122.729736328125))","(np.float64(1348.594970703125), np.float64(1141.7322998046875))"
17,0,labels_v001_193_09_14_21_ Cage Tsom_ 2_Virgin_sub1_357_359_analysis,"(np.float64(1240.455322265625), np.float64(1028.8499755859375))","(np.float64(1308.41552734375), np.float64(1083.3758544921875))","(np.float64(1224.3321533203125), np.float64(1037.2127685546875))","(np.float64(1320.52978515625), np.float64(1095.0279541015625))","(np.float64(1216.1705322265625), np.float64(1061.2198486328125))","(np.float64(1330.0972900390625), np.float64(1113.179443359375))","(np.float64(1212.3011474609375), np.float64(1089.0333251953125))","(np.float64(1340.11279296875), np.float64(1133.223388671875))","(np.float64(1208.19189453125), np.float64(1121.3770751953125))","(np.float64(1348.45849609375), np.float64(1141.5980224609375))"
18,0,labels_v001_193_09_14_21_ Cage Tsom_ 2_Virgin_sub1_357_359_analysis,"(np.float64(1240.40966796875), np.float64(1028.8724365234375))","(np.float64(1308.3470458984375), np.float64(1083.3681640625))","(np.float64(1224.2716064453125), np.float64(1037.2401123046875))","(np.float64(1320.444580078125), np.float64(1095.042724609375))","(np.float64(1216.1219482421875), np.float64(1061.2427978515625))","(np.float64(1330.0379638671875), np.float64(1113.1878662109375))","(np.float64(1212.2425537109375), np.float64(1089.0594482421875))","(np.float64(1340.04541015625), np.float64(1133.23193359375))","(np.float64(1208.134033203125), np.float64(1121.378662109375))","(np.float64(1348.3961181640625), np.float64(1141.5367431640625))"
19,0,labels_v001_193_09_14_21_ Cage Tsom_ 2_Virgin_sub1_357_359_analysis,"(np.float64(1240.3614501953125), np.float64(1028.8563232421875))","(np.float64(1308.2991943359375), np.float64(1083.312744140625))","(np.float64(1224.249755859375), np.float64(1037.2303466796875))","(np.float64(1320.383544921875), np.float64(1094.9947509765625))","(np.float64(1216.0911865234375), np.float64(1061.2132568359375))","(np.float64(1329.9891357421875), np.float64(1113.127197265625))","(np.float64(1212.209228515625), np.float64(1089.0352783203125))","(np.float64(1340.0074462890625), np.float64(1133.1573486328125))","(np.float64(1208.0849609375), np.float64(1122.81982421875))","(np.float64(1348.38671875), np.float64(1141.48046875))"
20,0,labels_v001_193_09_14_21_ Cage Tsom_ 2_Virgin_sub1_357_359_analysis,"(np.float64(1240.39111328125), np.float64(1028.924072265625))","(np.float64(1308.275634765625), np.float64(1083.2900390625))","(np.float64(1224.2623291015625), np.float64(1037.316162109375))","(np.float64(1320.343505859375), np.float64(1094.9940185546875))","(np.float64(1216.1339111328125), np.float64(1061.3046875))","(np.float64(1329.9610595703125), np.float64(1113.1156005859375))","(np.float64(1212.2496337890625), np.float64(1089.1160888671875))","(np.float64(1339.9844970703125), np.float64(1133.1253662109375))","(np.float64(1208.1075439453125), np.float64(1122.9473876953125))","(np.float64(1350.079833984375), np.float64(1141.5340576171875))"
21,0,labels_v001_193_09_14_21_ Cage Tsom_ 2_Virgin_sub1_357_359_analysis,"(np.float64(1240.3779296875), np.float64(1028.8670654296875))","(np.float64(1308.458251953125), np.float64(1083.37451171875))","(np.float64(1224.2728271484375), np.float64(1037.2642822265625))","(np.float64(1320.52099609375), np.float64(1095.080810546875))","(np.float64(1216.1444091796875), np.float64(1061.2435302734375))","(np.float64(1330.1373291015625), np.float64(1113.24462890625))","(np.float64(1212.2685546875), np.float64(1089.0562744140625))","(np.float64(1340.1837158203125), np.float64(1133.265625))","(np.float64(1208.2581787109375), np.float64(1121.374267578125))","(np.float64(1350.26416015625), np.float64(1141.6177978515625))"
22,0,labels_v001_193_09_14_21_ Cage Tsom_ 2_Virgin_sub1_357_359_analysis,"(np.float64(1240.3712158203125), np.float64(1028.8731689453125))","(np.float64(1308.42626953125), np.float64(1083.3685302734375))","(np.float64(1224.2655029296875), np.float64(1037.26953125))","(np.float64(1320.48291015625), np.float64(1095.0809326171875))","(np.float64(1216.1378173828125), np.float64(1061.2501220703125))","(np.float64(1330.1033935546875), np.float64(1113.20703125))","(np.float64(1212.259765625), np.float64(1089.061767578125))","(np.float64(1340.170166015625), np.float64(1133.2322998046875))","(np.float64(1208.252197265625), np.float64(1121.3779296875))","(np.float64(1350.2554931640625), np.float64(1141.591796875))"
23,0,labels_v001_193_09_14_21_ Cage Tsom_ 2_Virgin_sub1_357_359_analysis,"(np.float64(1240.302978515625), np.float64(1028.7567138671875))","(np.float64(1308.0909423828125), np.float64(1083.2552490234375))","(np.float64(1224.240478515625), np.float64(1037.165283203125))","(np.float64(1320.1610107421875), np.float64(1094.953369140625))","(np.float64(1216.1053466796875), np.float64(1061.1390380859375))","(np.float64(1328.208251953125), np.float64(1113.12158203125))","(np.float64(1212.2060546875), np.float64(1088.9510498046875))","(np.float64(1339.7933349609375), np.float64(1133.109130859375))","(np.float64(1208.135498046875), np.float64(1121.2840576171875))","(np.float64(1348.2293701171875), np.float64(1141.5810546875))"
24,0,labels_v001_193_09_14_21_ Cage Tsom_ 2_Virgin_sub1_357_359_analysis,"(np.float64(1240.39208984375), np.float64(1028.8685302734375))","(np.float64(1307.711181640625), np.float64(1083.177490234375))","(np.float64(1224.13330078125), np.float64(1037.32080078125))","(np.float64(1319.8072509765625), np.float64(1094.7657470703125))","(np.float64(1216.0146484375), np.float64(1061.3095703125))","(np.float64(1327.85107421875), np.float64(1112.960205078125))","(np.float64(1212.178466796875), np.float64(1089.1424560546875))","(np.float64(1339.44091796875), np.float64(1132.9825439453125))","(np.float64(1208.0654296875), np.float64(1121.427978515625))","(np.float64(1347.857421875), np.float64(1143.101806640625))"
25,0,labels_v001_193_09_14_21_ Cage Tsom_ 2_Virgin_sub1_357_359_analysis,"(np.float64(1241.2222900390625), np.float64(1028.8106689453125))","(np.float64(1309.4783935546875), np.float64(1083.140380859375))","(np.float64(1224.966796875), np.float64(1037.2257080078125))","(np.float64(1315.448974609375), np.float64(1099.02099609375))","(np.float64(1216.8525390625), np.float64(1061.2142333984375))","(np.float64(1307.46142578125), np.float64(1120.6580810546875))","(np.float64(1212.9395751953125), np.float64(1089.039306640625))","(np.float64(1303.3505859375), np.float64(1139.208251953125))","(np.float64(1208.9342041015625), np.float64(1122.8968505859375))","(np.float64(1301.66650390625), np.float64(1147.10986328125))"
26,0,labels_v001_193_09_14_21_ Cage Tsom_ 2_Virgin_sub1_357_359_analysis,"(np.float64(1239.5018310546875), np.float64(1028.251708984375))","(np.float64(1308.7550048828125), np.float64(1083.548828125))","(np.float64(1224.836669921875), np.float64(1037.54541015625))","(np.float64(1310.5936279296875), np.float64(1098.060791015625))","(np.float64(1216.7427978515625), np.float64(1061.5042724609375))","(np.float64(1298.90771484375), np.float64(1117.7904052734375))","(np.float64(1212.8270263671875), np.float64(1089.3387451171875))","(np.float64(1292.64697265625), np.float64(1136.0989990234375))","(np.float64(1208.9090576171875), np.float64(1123.11572265625))","(np.float64(1280.9127197265625), np.float64(1149.8079833984375))"
27,0,labels_v001_193_09_14_21_ Cage Tsom_ 2_Virgin_sub1_357_359_analysis,"(np.float64(1239.05419921875), np.float64(1027.7745361328125))","(np.float64(1308.3506469726562), np.float64(1083.9888305664062))","(np.float64(1224.6202392578125), np.float64(1037.117431640625))","(np.float64(1308.0616455078125), np.float64(1099.1231079101562))","(np.float64(1216.5714111328125), np.float64(1061.092529296875))","(np.float64(1294.4647827148438), np.float64(1117.0675048828125))","(np.float64(1212.670166015625), np.float64(1088.85107421875))","(np.float64(1284.1754760742188), np.float64(1134.1036987304688))","(np.float64(1208.61474609375), np.float64(1122.629638671875))","(np.float64(1273.3518676757812), np.float64(1145.1030883789062))"
28,0,labels_v001_193_09_14_21_ Cage Tsom_ 2_Virgin_sub1_357_359_analysis,"(np.float64(1240.52880859375), np.float64(1028.9969482421875))","(np.float64(1307.9462890625), np.float64(1084.4288330078125))","(np.float64(1224.44384765625), np.float64(1037.407470703125))","(np.float64(1305.5296630859375), np.float64(1100.1854248046875))","(np.float64(1216.2799072265625), np.float64(1061.3760986328125))","(np.float64(1290.0218505859375), np.float64(1116.3446044921875))","(np.float64(1212.4273681640625), np.float64(1089.1925048828125))","(np.float64(1275.7039794921875), np.float64(1132.1083984375))","(np.float64(1208.5118408203125), np.float64(1121.45556640625))","(np.float64(1265.791015625), np.float64(1140.398193359375))"
29,0,labels_v001_193_09_14_21_ Cage Tsom_ 2_Virgin_sub1_357_359_analysis,"(np.float64(1239.3787841796875), np.float64(1028.028076171875))","(np.float64(1310.54736328125), np.float64(1087.400390625))","(np.float64(1224.9735107421875), np.float64(1037.3753662109375))","(np.float64(1302.73779296875), np.float64(1099.75048828125))","(np.float64(1216.8436279296875), np.float64(1061.287109375))","(np.float64(1286.6136474609375), np.float64(1115.487548828125))","(np.float64(1212.9595947265625), np.float64(1089.1153564453125))","(np.float64(1268.5107421875), np.float64(1127.30078125))","(np.float64(1209.01025390625), np.float64(1122.9429931640625))","(np.float64(1254.6395263671875), np.float64(1137.5528564453125))"
30,0,labels_v001_193_09_14_21_ Cage Tsom_ 2_Virgin_sub1_357_359_analysis,"(np.float64(1239.823974609375), np.float64(1028.0037841796875))","(np.float64(1310.9732666015625), np.float64(1088.7342529296875))","(np.float64(1225.139404296875), np.float64(1037.3458251953125))","(np.float64(1303.14892578125), np.float64(1101.043212890625))","(np.float64(1217.0810546875), np.float64(1061.2884521484375))","(np.float64(1285.295654296875), np.float64(1114.7974853515625))","(np.float64(1213.101806640625), np.float64(1089.1033935546875))","(np.float64(1266.9638671875), np.float64(1123.2427978515625))","(np.float64(1209.2574462890625), np.float64(1122.9134521484375))","(np.float64(1249.10009765625), np.float64(1135.0921630859375))"
31,0,labels_v001_193_09_14_21_ Cage Tsom_ 2_Virgin_sub1_357_359_analysis,"(np.float64(1239.42822265625), np.float64(1029.04052734375))","(np.float64(1308.7125244140625), np.float64(1092.23095703125))","(np.float64(1225.1536865234375), np.float64(1037.556640625))","(np.float64(1300.6107177734375), np.float64(1104.474609375))","(np.float64(1217.054443359375), np.float64(1061.52880859375))","(np.float64(1280.9158935546875), np.float64(1116.101806640625))","(np.float64(1213.069580078125), np.float64(1089.285888671875))","(np.float64(1260.6539306640625), np.float64(1122.681640625))","(np.float64(1209.2464599609375), np.float64(1121.63037109375))","(np.float64(1236.8568115234375), np.float64(1134.4866943359375))"
32,0,labels_v001_193_09_14_21_ Cage Tsom_ 2_Virgin_sub1_357_359_analysis,"(np.float64(1239.05029296875), np.float64(1028.6727294921875))","(np.float64(1308.4241943359375), np.float64(1093.9405517578125))","(np.float64(1224.7835693359375), np.float64(1037.1724853515625))","(np.float64(1298.3720703125), np.float64(1107.785888671875))","(np.float64(1216.6651611328125), np.float64(1061.1793212890625))","(np.float64(1278.4918212890625), np.float64(1115.78662109375))","(np.float64(1212.6759033203125), np.float64(1088.921875))","(np.float64(1256.432861328125), np.float64(1121.8375244140625))","(np.float64(1208.8133544921875), np.float64(1122.765625))","(np.float64(1228.4793701171875), np.float64(1131.94677734375))"
33,0,labels_v001_193_09_14_21_ Cage Tsom_ 2_Virgin_sub1_357_359_analysis,"(np.float64(1237.296875), np.float64(1027.8299560546875))","(np.float64(1307.882568359375), np.float64(1093.6739501953125))","(np.float64(1224.7161865234375), np.float64(1037.167724609375))","(np.float64(1297.784912109375), np.float64(1107.509765625))","(np.float64(1216.59716796875), np.float64(1061.1685791015625))","(np.float64(1277.8974609375), np.float64(1115.3970947265625))","(np.float64(1212.5887451171875), np.float64(1088.92578125))","(np.float64(1255.76416015625), np.float64(1121.4029541015625))","(np.float64(1208.7318115234375), np.float64(1122.7293701171875))","(np.float64(1224.1749267578125), np.float64(1131.297119140625))"
34,0,labels_v001_193_09_14_21_ Cage Tsom_ 2_Virgin_sub1_357_359_analysis,"(np.float64(1238.932373046875), np.float64(1028.604736328125))","(np.float64(1307.4754638671875), np.float64(1094.8350830078125))","(np.float64(1224.7794189453125), np.float64(1037.1229248046875))","(np.float64(1297.380615234375), np.float64(1107.172607421875))","(np.float64(1216.696533203125), np.float64(1061.0821533203125))","(np.float64(1277.4229736328125), np.float64(1115.0611572265625))","(np.float64(1212.5936279296875), np.float64(1088.8330078125))","(np.float64(1255.2296142578125), np.float64(1120.93359375))","(np.float64(1208.69921875), np.float64(1122.7857666015625))","(np.float64(1221.5743408203125), np.float64(1129.2313232421875))"
35,0,labels_v001_193_09_14_21_ Cage Tsom_ 2_Virgin_sub1_357_359_analysis,"(np.float64(1239.92431640625), np.float64(1028.025390625))","(np.float64(1306.531982421875), np.float64(1097.2408447265625))","(np.float64(1225.5318603515625), np.float64(1037.332763671875))","(np.float64(1294.490966796875), np.float64(1109.4075927734375))","(np.float64(1217.4462890625), np.float64(1061.331787109375))","(np.float64(1274.2760009765625), np.float64(1115.632568359375))","(np.float64(1213.207763671875), np.float64(1089.057373046875))","(np.float64(1252.1099853515625), np.float64(1119.2784423828125))","(np.float64(1211.41259765625), np.float64(1121.4730224609375))","(np.float64(1216.0572509765625), np.float64(1123.516845703125))"
36,0,labels_v001_193_09_14_21_ Cage Tsom_ 2_Virgin_sub1_357_359_analysis,"(np.float64(1240.01953125), np.float64(1028.0931396484375))","(np.float64(1306.1103515625), np.float64(1095.8153076171875))","(np.float64(1225.601806640625), np.float64(1037.3792724609375))","(np.float64(1294.05810546875), np.float64(1109.53125))","(np.float64(1217.4832763671875), np.float64(1061.410888671875))","(np.float64(1273.853759765625), np.float64(1115.66748046875))","(np.float64(1213.248291015625), np.float64(1089.109375))","(np.float64(1251.72265625), np.float64(1117.5128173828125))","(np.float64(1211.48388671875), np.float64(1121.4779052734375))","(np.float64(1214.02978515625), np.float64(1123.443115234375))"
37,0,labels_v001_193_09_14_21_ Cage Tsom_ 2_Virgin_sub1_357_359_analysis,"(np.float64(1239.6376953125), np.float64(1028.19482421875))","(np.float64(1304.640380859375), np.float64(1097.013671875))","(np.float64(1225.0780029296875), np.float64(1037.460693359375))","(np.float64(1292.536376953125), np.float64(1109.19091796875))","(np.float64(1216.9759521484375), np.float64(1061.57275390625))","(np.float64(1270.6671142578125), np.float64(1115.0946044921875))","(np.float64(1212.8447265625), np.float64(1089.206787109375))","(np.float64(1248.5147705078125), np.float64(1116.864501953125))","(np.float64(1210.828857421875), np.float64(1121.47265625))","(np.float64(1212.6082763671875), np.float64(1121.2486572265625))"
38,0,labels_v001_193_09_14_21_ Cage Tsom_ 2_Virgin_sub1_357_359_analysis,"(np.float64(1239.1810302734375), np.float64(1027.9560546875))","(np.float64(1304.137451171875), np.float64(1096.9091796875))","(np.float64(1224.741455078125), np.float64(1037.2542724609375))","(np.float64(1292.0345458984375), np.float64(1109.0567626953125))","(np.float64(1216.6331787109375), np.float64(1061.32763671875))","(np.float64(1270.21533203125), np.float64(1114.9449462890625))","(np.float64(1212.5399169921875), np.float64(1088.943359375))","(np.float64(1248.061279296875), np.float64(1116.7330322265625))","(np.float64(1210.3863525390625), np.float64(1121.184326171875))","(np.float64(1212.10888671875), np.float64(1121.0323486328125))"
39,0,labels_v001_193_09_14_21_ Cage Tsom_ 2_Virgin_sub1_357_359_analysis,"(np.float64(1239.298583984375), np.float64(1028.1021728515625))","(np.float64(1304.3201904296875), np.float64(1096.9207763671875))","(np.float64(1224.837646484375), np.float64(1037.4180908203125))","(np.float64(1292.175537109375), np.float64(1109.050537109375))","(np.float64(1216.755615234375), np.float64(1061.4796142578125))","(np.float64(1270.3524169921875), np.float64(1114.914306640625))","(np.float64(1212.6439208984375), np.float64(1089.0914306640625))","(np.float64(1248.1827392578125), np.float64(1116.7078857421875))","(np.float64(1210.51416015625), np.float64(1121.311767578125))","(np.float64(1212.2177734375), np.float64(1121.029296875))"
40,0,labels_v001_193_09_14_21_ Cage Tsom_ 2_Virgin_sub1_357_359_analysis,"(np.float64(1239.3760070800781), np.float64(1028.1047058105469))","(np.float64(1305.6190185546875), np.float64(1096.7335205078125))","(np.float64(1225.3619384765625), np.float64(1038.3773193359375))","(np.float64(1293.564453125), np.float64(1108.8614501953125))","(np.float64(1217.2047119140625), np.float64(1066.131591796875))","(np.float64(1273.3602294921875), np.float64(1114.873291015625))","(np.float64(1213.1661376953125), np.float64(1092.058349609375))","(np.float64(1251.2186279296875), np.float64(1116.798828125))","(np.float64(1211.2003173828125), np.float64(1122.21728515625))","(np.float64(1213.4053955078125), np.float64(1121.0670166015625))"
41,0,labels_v001_193_09_14_21_ Cage Tsom_ 2_Virgin_sub1_357_359_analysis,"(np.float64(1239.4534301757812), np.float64(1028.1072387695312))","(np.float64(1305.8890380859375), np.float64(1096.6392822265625))","(np.float64(1225.75537109375), np.float64(1038.5850830078125))","(np.float64(1293.8553466796875), np.float64(1108.810546875))","(np.float64(1217.6282958984375), np.float64(1066.3516845703125))","(np.float64(1273.5955810546875), np.float64(1114.742431640625))","(np.float64(1213.48681640625), np.float64(1092.25732421875))","(np.float64(1251.4566650390625), np.float64(1116.61669921875))","(np.float64(1211.7559814453125), np.float64(1122.3702392578125))","(np.float64(1215.444091796875), np.float64(1120.9200439453125))"
42,0,labels_v001_193_09_14_21_ Cage Tsom_ 2_Virgin_sub1_357_359_analysis,"(np.float64(1239.5308532714844), np.float64(1028.1097717285156))","(np.float64(1305.707763671875), np.float64(1096.912353515625))","(np.float64(1225.627685546875), np.float64(1038.5650634765625))","(np.float64(1293.7103271484375), np.float64(1109.0546875))","(np.float64(1217.510986328125), np.float64(1066.3138427734375))","(np.float64(1273.53759765625), np.float64(1115.064697265625))","(np.float64(1213.37109375), np.float64(1092.21728515625))","(np.float64(1251.412841796875), np.float64(1116.9327392578125))","(np.float64(1211.4677734375), np.float64(1122.4302978515625))","(np.float64(1213.6634521484375), np.float64(1121.232177734375))"
43,0,labels_v001_193_09_14_21_ Cage Tsom_ 2_Virgin_sub1_357_359_analysis,"(np.float64(1239.6082763671875), np.float64(1028.1123046875))","(np.float64(1302.9393310546875), np.float64(1098.0247802734375))","(np.float64(1225.1795654296875), np.float64(1037.4637451171875))","(np.float64(1290.84033203125), np.float64(1111.8614501953125))","(np.float64(1217.2076416015625), np.float64(1061.4322509765625))","(np.float64(1270.7152099609375), np.float64(1117.867919921875))","(np.float64(1212.95654296875), np.float64(1089.1129150390625))","(np.float64(1248.57373046875), np.float64(1119.6336669921875))","(np.float64(1210.84326171875), np.float64(1123.01171875))","(np.float64(1212.6572265625), np.float64(1123.720703125))"
44,0,labels_v001_193_09_14_21_ Cage Tsom_ 2_Virgin_sub1_357_359_analysis,"(np.float64(1237.3388671875), np.float64(1027.63818359375))","(np.float64(1304.6343994140625), np.float64(1097.6705322265625))","(np.float64(1224.7576904296875), np.float64(1037.000732421875))","(np.float64(1290.831787109375), np.float64(1111.3868408203125))","(np.float64(1216.6884765625), np.float64(1060.90625))","(np.float64(1270.7242431640625), np.float64(1117.312255859375))","(np.float64(1212.5511474609375), np.float64(1088.6387939453125))","(np.float64(1248.6612548828125), np.float64(1117.2392578125))","(np.float64(1210.380126953125), np.float64(1122.634765625))","(np.float64(1212.6259765625), np.float64(1121.67041015625))"
45,0,labels_v001_193_09_14_21_ Cage Tsom_ 2_Virgin_sub1_357_359_analysis,"(np.float64(1239.64697265625), np.float64(1028.0830078125))","(np.float64(1305.1461181640625), np.float64(1097.94677734375))","(np.float64(1225.1826171875), np.float64(1037.4029541015625))","(np.float64(1293.1795654296875), np.float64(1110.063232421875))","(np.float64(1217.1622314453125), np.float64(1061.39501953125))","(np.float64(1273.1148681640625), np.float64(1117.81787109375))","(np.float64(1213.002685546875), np.float64(1089.108642578125))","(np.float64(1251.0936279296875), np.float64(1119.6395263671875))","(np.float64(1210.868408203125), np.float64(1123.15087890625))","(np.float64(1213.260498046875), np.float64(1123.7044677734375))"
46,0,labels_v001_193_09_14_21_ Cage Tsom_ 2_Virgin_sub1_357_359_analysis,"(np.float64(1239.822509765625), np.float64(1027.903564453125))","(np.float64(1305.118408203125), np.float64(1099.1883544921875))","(np.float64(1227.1531982421875), np.float64(1037.287841796875))","(np.float64(1293.140625), np.float64(1112.815673828125))","(np.float64(1219.1876220703125), np.float64(1061.2728271484375))","(np.float64(1273.0703125), np.float64(1119.062744140625))","(np.float64(1215.19189453125), np.float64(1089.0072021484375))","(np.float64(1251.0771484375), np.float64(1120.8829345703125))","(np.float64(1213.013916015625), np.float64(1123.0828857421875))","(np.float64(1215.1358642578125), np.float64(1125.073486328125))"
47,0,labels_v001_193_09_14_21_ Cage Tsom_ 2_Virgin_sub1_357_359_analysis,"(np.float64(1239.8868408203125), np.float64(1028.0260009765625))","(np.float64(1302.7418212890625), np.float64(1101.6512451171875))","(np.float64(1227.1055908203125), np.float64(1037.38916015625))","(np.float64(1290.6962890625), np.float64(1113.9315185546875))","(np.float64(1219.1568603515625), np.float64(1061.3946533203125))","(np.float64(1270.5390625), np.float64(1120.06640625))","(np.float64(1215.160400390625), np.float64(1089.141357421875))","(np.float64(1248.33984375), np.float64(1121.673828125))","(np.float64(1211.2117919921875), np.float64(1123.0621337890625))","(np.float64(1212.6075439453125), np.float64(1124.0743408203125))"
48,0,labels_v001_193_09_14_21_ Cage Tsom_ 2_Virgin_sub1_357_359_analysis,"(np.float64(1240.10498046875), np.float64(1027.8997802734375))","(np.float64(1302.4654541015625), np.float64(1101.742431640625))","(np.float64(1225.7786865234375), np.float64(1037.252197265625))","(np.float64(1290.484130859375), np.float64(1113.975830078125))","(np.float64(1217.8099365234375), np.float64(1061.193115234375))","(np.float64(1270.365234375), np.float64(1121.75927734375))","(np.float64(1213.6044921875), np.float64(1088.9737548828125))","(np.float64(1248.239013671875), np.float64(1123.71875))","(np.float64(1209.90966796875), np.float64(1123.0279541015625))","(np.float64(1212.4339599609375), np.float64(1125.877685546875))"
49,0,labels_v001_193_09_14_21_ Cage Tsom_ 2_Virgin_sub1_357_359_analysis,"(np.float64(1239.2568359375), np.float64(1027.831298828125))","(np.float64(1294.6236572265625), np.float64(1105.16259765625))","(np.float64(1226.5501708984375), np.float64(1038.7208251953125))","(np.float64(1282.818359375), np.float64(1119.0115966796875))","(np.float64(1218.3533935546875), np.float64(1061.0382080078125))","(np.float64(1261.116455078125), np.float64(1123.328857421875))","(np.float64(1212.5697021484375), np.float64(1088.8155517578125))","(np.float64(1240.7802734375), np.float64(1124.9002685546875))","(np.float64(1210.4671630859375), np.float64(1121.0511474609375))","(np.float64(1206.8516845703125), np.float64(1125.3233642578125))"
50,0,labels_v001_193_09_14_21_ Cage Tsom_ 2_Virgin_sub1_357_359_analysis,"(np.float64(1238.6988525390625), np.float64(1028.24951171875))","(np.float64(1296.3134765625), np.float64(1104.856201171875))","(np.float64(1226.2611083984375), np.float64(1038.2943115234375))","(np.float64(1284.5633544921875), np.float64(1117.1588134765625))","(np.float64(1216.6046142578125), np.float64(1060.548583984375))","(np.float64(1264.428955078125), np.float64(1123.013671875))","(np.float64(1212.4014892578125), np.float64(1088.3343505859375))","(np.float64(1244.1578369140625), np.float64(1124.934814453125))","(np.float64(1208.3990478515625), np.float64(1122.5052490234375))","(np.float64(1208.4158935546875), np.float64(1124.943359375))"
51,0,labels_v001_193_09_14_21_ Cage Tsom_ 2_Virgin_sub1_357_359_analysis,"(np.float64(1238.94091796875), np.float64(1028.382568359375))","(np.float64(1297.1600341796875), np.float64(1104.7540283203125))","(np.float64(1226.430419921875), np.float64(1038.435791015625))","(np.float64(1285.2191162109375), np.float64(1117.0269775390625))","(np.float64(1216.7584228515625), np.float64(1060.7030029296875))","(np.float64(1263.54296875), np.float64(1122.6531982421875))","(np.float64(1212.462158203125), np.float64(1088.5098876953125))","(np.float64(1243.216796875), np.float64(1124.77001953125))","(np.float64(1206.847412109375), np.float64(1124.4735107421875))","(np.float64(1207.5340576171875), np.float64(1126.664794921875))"
52,0,labels_v001_193_09_14_21_ Cage Tsom_ 2_Virgin_sub1_357_359_analysis,"(np.float64(1239.4161376953125), np.float64(1027.9827880859375))","(np.float64(1298.3074951171875), np.float64(1104.4288330078125))","(np.float64(1226.7996826171875), np.float64(1037.330810546875))","(np.float64(1286.434814453125), np.float64(1116.7320556640625))","(np.float64(1218.64990234375), np.float64(1061.2464599609375))","(np.float64(1264.684326171875), np.float64(1120.7889404296875))","(np.float64(1212.839111328125), np.float64(1088.99658203125))","(np.float64(1244.328857421875), np.float64(1124.502685546875))","(np.float64(1208.8670654296875), np.float64(1123.23193359375))","(np.float64(1208.6021728515625), np.float64(1124.71484375))"
53,0,labels_v001_193_09_14_21_ Cage Tsom_ 2_Virgin_sub1_357_359_analysis,"(np.float64(1239.54345703125), np.float64(1027.7943115234375))","(np.float64(1297.8699951171875), np.float64(1104.428955078125))","(np.float64(1226.8953857421875), np.float64(1038.6934814453125))","(np.float64(1285.8836669921875), np.float64(1116.7069091796875))","(np.float64(1218.690185546875), np.float64(1061.056640625))","(np.float64(1264.162841796875), np.float64(1120.7867431640625))","(np.float64(1212.888671875), np.float64(1088.8133544921875))","(np.float64(1243.7620849609375), np.float64(1124.35205078125))","(np.float64(1207.186279296875), np.float64(1124.75439453125))","(np.float64(1207.99560546875), np.float64(1126.36083984375))"
54,0,labels_v001_193_09_14_21_ Cage Tsom_ 2_Virgin_sub1_357_359_analysis,"(np.float64(1239.387451171875), np.float64(1027.745849609375))","(np.float64(1296.627685546875), np.float64(1104.48681640625))","(np.float64(1226.67724609375), np.float64(1037.0462646484375))","(np.float64(1283.0384521484375), np.float64(1118.214599609375))","(np.float64(1218.48876953125), np.float64(1061.00390625))","(np.float64(1262.7720947265625), np.float64(1120.59130859375))","(np.float64(1212.706298828125), np.float64(1088.774658203125))","(np.float64(1240.74560546875), np.float64(1124.1490478515625))","(np.float64(1206.7965087890625), np.float64(1124.744873046875))","(np.float64(1206.7696533203125), np.float64(1126.3385009765625))"
55,0,labels_v001_193_09_14_21_ Cage Tsom_ 2_Virgin_sub1_357_359_analysis,"(np.float64(1238.76611328125), np.float64(1027.84228515625))","(np.float64(1296.9703369140625), np.float64(1104.5477294921875))","(np.float64(1225.99658203125), np.float64(1037.089111328125))","(np.float64(1283.172119140625), np.float64(1116.484375))","(np.float64(1216.4024658203125), np.float64(1061.03369140625))","(np.float64(1262.9381103515625), np.float64(1118.880615234375))","(np.float64(1212.146728515625), np.float64(1088.8135986328125))","(np.float64(1240.9677734375), np.float64(1120.458251953125))","(np.float64(1204.5478515625), np.float64(1122.8958740234375))","(np.float64(1206.8338623046875), np.float64(1122.8094482421875))"
56,0,labels_v001_193_09_14_21_ Cage Tsom_ 2_Virgin_sub1_357_359_analysis,"(np.float64(1238.921630859375), np.float64(1027.8037109375))","(np.float64(1297.793212890625), np.float64(1103.379150390625))","(np.float64(1226.2095947265625), np.float64(1037.0721435546875))","(np.float64(1285.663818359375), np.float64(1115.4619140625))","(np.float64(1216.6356201171875), np.float64(1060.9874267578125))","(np.float64(1263.9266357421875), np.float64(1119.4552001953125))","(np.float64(1212.378173828125), np.float64(1088.7738037109375))","(np.float64(1243.597412109375), np.float64(1121.0565185546875))","(np.float64(1206.748779296875), np.float64(1120.7529296875))","(np.float64(1209.6611328125), np.float64(1119.392822265625))"
57,0,labels_v001_193_09_14_21_ Cage Tsom_ 2_Virgin_sub1_357_359_analysis,"(np.float64(1239.4544677734375), np.float64(1028.03125))","(np.float64(1298.5994873046875), np.float64(1104.8441162109375))","(np.float64(1226.6976318359375), np.float64(1037.3094482421875))","(np.float64(1286.40283203125), np.float64(1116.947021484375))","(np.float64(1217.0096435546875), np.float64(1061.2969970703125))","(np.float64(1264.6275634765625), np.float64(1119.2083740234375))","(np.float64(1212.8004150390625), np.float64(1089.029296875))","(np.float64(1244.363037109375), np.float64(1120.914306640625))","(np.float64(1208.861328125), np.float64(1119.349365234375))","(np.float64(1210.61572265625), np.float64(1119.0643310546875))"
58,0,labels_v001_193_09_14_21_ Cage Tsom_ 2_Virgin_sub1_357_359_analysis,"(np.float64(1239.494873046875), np.float64(1028.0584106445312))","(np.float64(1301.1287841796875), np.float64(1104.38818359375))","(np.float64(1227.3907470703125), np.float64(1039.8460693359375))","(np.float64(1289.1551513671875), np.float64(1114.87060546875))","(np.float64(1217.638916015625), np.float64(1065.9637451171875))","(np.float64(1267.39892578125), np.float64(1120.3150634765625))","(np.float64(1213.512939453125), np.float64(1091.93115234375))","(np.float64(1247.1468505859375), np.float64(1120.46875))","(np.float64(1209.67919921875), np.float64(1120.2296142578125))","(np.float64(1211.5458984375), np.float64(1118.6553955078125))"
59,0,labels_v001_193_09_14_21_ Cage Tsom_ 2_Virgin_sub1_357_359_analysis,"(np.float64(1239.5352783203125), np.float64(1028.0855712890625))","(np.float64(1300.075927734375), np.float64(1102.60888671875))","(np.float64(1226.7662353515625), np.float64(1037.3992919921875))","(np.float64(1288.0072021484375), np.float64(1114.5736083984375))","(np.float64(1218.573974609375), np.float64(1061.3983154296875))","(np.float64(1267.8577880859375), np.float64(1118.5386962890625))","(np.float64(1212.781982421875), np.float64(1089.0753173828125))","(np.float64(1247.604248046875), np.float64(1120.2708740234375))","(np.float64(1208.912353515625), np.float64(1120.9981689453125))","(np.float64(1211.8118896484375), np.float64(1118.693359375))"
60,0,labels_v001_193_09_14_21_ Cage Tsom_ 2_Virgin_sub1_357_359_analysis,"(np.float64(1239.3604736328125), np.float64(1028.1285400390625))","(np.float64(1301.5826416015625), np.float64(1103.7623291015625))","(np.float64(1226.503173828125), np.float64(1037.4827880859375))","(np.float64(1289.542236328125), np.float64(1114.074462890625))","(np.float64(1218.353759765625), np.float64(1061.4793701171875))","(np.float64(1267.8424072265625), np.float64(1118.0235595703125))","(np.float64(1212.56884765625), np.float64(1089.0927734375))","(np.float64(1247.5263671875), np.float64(1119.8438720703125))","(np.float64(1208.63330078125), np.float64(1121.13623046875))","(np.float64(1209.955322265625), np.float64(1119.83349609375))"
61,0,labels_v001_193_09_14_21_ Cage Tsom_ 2_Virgin_sub1_357_359_analysis,"(np.float64(1238.8763427734375), np.float64(1027.6927490234375))","(np.float64(1301.139892578125), np.float64(1103.15673828125))","(np.float64(1226.09130859375), np.float64(1037.01708984375))","(np.float64(1288.8687744140625), np.float64(1113.4605712890625))","(np.float64(1216.5159912109375), np.float64(1060.9776611328125))","(np.float64(1266.9122314453125), np.float64(1117.1656494140625))","(np.float64(1212.24462890625), np.float64(1088.6348876953125))","(np.float64(1244.9228515625), np.float64(1117.1795654296875))","(np.float64(1208.387939453125), np.float64(1120.8912353515625))","(np.float64(1211.016357421875), np.float64(1121.07568359375))"
62,0,labels_v001_193_09_14_21_ Cage Tsom_ 2_Virgin_sub1_357_359_analysis,"(np.float64(1239.4915771484375), np.float64(1028.0263671875))","(np.float64(1302.6810302734375), np.float64(1102.088623046875))","(np.float64(1226.526611328125), np.float64(1037.3359375))","(np.float64(1292.23486328125), np.float64(1114.025146484375))","(np.float64(1218.5042724609375), np.float64(1061.3419189453125))","(np.float64(1270.3883056640625), np.float64(1116.101318359375))","(np.float64(1212.6824951171875), np.float64(1089.0272216796875))","(np.float64(1248.4071044921875), np.float64(1115.987548828125))","(np.float64(1207.0164794921875), np.float64(1121.10009765625))","(np.float64(1216.4622802734375), np.float64(1114.2916259765625))"
63,0,labels_v001_193_09_14_21_ Cage Tsom_ 2_Virgin_sub1_357_359_analysis,"(np.float64(1240.0023396809895), np.float64(1028.2039184570312))","(np.float64(1305.2308349609375), np.float64(1100.373779296875))","(np.float64(1226.5565185546875), np.float64(1039.0777587890625))","(np.float64(1293.1904296875), np.float64(1112.2452392578125))","(np.float64(1216.84765625), np.float64(1066.7906494140625))","(np.float64(1271.4124755859375), np.float64(1116.099609375))","(np.float64(1212.59619140625), np.float64(1092.8353271484375))","(np.float64(1251.0606689453125), np.float64(1116.1116943359375))","(np.float64(1208.573486328125), np.float64(1120.875))","(np.float64(1217.1295166015625), np.float64(1114.6280517578125))"
64,0,labels_v001_193_09_14_21_ Cage Tsom_ 2_Virgin_sub1_357_359_analysis,"(np.float64(1240.5131022135417), np.float64(1028.3814697265625))","(np.float64(1308.343017578125), np.float64(1100.4404296875))","(np.float64(1226.7293701171875), np.float64(1038.4112548828125))","(np.float64(1296.3319091796875), np.float64(1112.3323974609375))","(np.float64(1216.87109375), np.float64(1064.3848876953125))","(np.float64(1274.4063720703125), np.float64(1116.309326171875))","(np.float64(1212.802490234375), np.float64(1090.472412109375))","(np.float64(1252.313720703125), np.float64(1116.335205078125))","(np.float64(1209.1070556640625), np.float64(1120.2208251953125))","(np.float64(1214.5775146484375), np.float64(1118.6962890625))"
65,0,labels_v001_193_09_14_21_ Cage Tsom_ 2_Virgin_sub1_357_359_analysis,"(np.float64(1241.0238647460938), np.float64(1028.5590209960938))","(np.float64(1308.17138671875), np.float64(1099.34521484375))","(np.float64(1224.321533203125), np.float64(1038.3720703125))","(np.float64(1296.17822265625), np.float64(1111.330322265625))","(np.float64(1216.056884765625), np.float64(1064.3643798828125))","(np.float64(1274.322509765625), np.float64(1115.2806396484375))","(np.float64(1211.9576416015625), np.float64(1092.0321044921875))","(np.float64(1252.1826171875), np.float64(1115.328125))","(np.float64(1208.05615234375), np.float64(1120.08984375))","(np.float64(1214.197265625), np.float64(1117.686279296875))"
66,0,labels_v001_193_09_14_21_ Cage Tsom_ 2_Virgin_sub1_357_359_analysis,"(np.float64(1241.5346272786458), np.float64(1028.736572265625))","(np.float64(1307.8692626953125), np.float64(1099.6209716796875))","(np.float64(1223.930419921875), np.float64(1038.2684326171875))","(np.float64(1295.7508544921875), np.float64(1111.546875))","(np.float64(1215.6566162109375), np.float64(1064.19775390625))","(np.float64(1273.9161376953125), np.float64(1115.322998046875))","(np.float64(1211.6976318359375), np.float64(1091.8824462890625))","(np.float64(1251.6328125), np.float64(1113.54541015625))","(np.float64(1206.037353515625), np.float64(1120.050537109375))","(np.float64(1213.6727294921875), np.float64(1117.7498779296875))"
67,0,labels_v001_193_09_14_21_ Cage Tsom_ 2_Virgin_sub1_357_359_analysis,"(np.float64(1242.045389811198), np.float64(1028.9141235351562))","(np.float64(1304.9002685546875), np.float64(1100.7908935546875))","(np.float64(1225.4520263671875), np.float64(1038.232421875))","(np.float64(1292.68115234375), np.float64(1112.63818359375))","(np.float64(1215.694580078125), np.float64(1065.8497314453125))","(np.float64(1270.8203125), np.float64(1116.501708984375))","(np.float64(1211.5252685546875), np.float64(1090.3642578125))","(np.float64(1248.5726318359375), np.float64(1116.4453125))","(np.float64(1207.45458984375), np.float64(1120.0423583984375))","(np.float64(1212.4730224609375), np.float64(1120.5198974609375))"
68,0,labels_v001_193_09_14_21_ Cage Tsom_ 2_Virgin_sub1_357_359_analysis,"(np.float64(1242.55615234375), np.float64(1029.0916748046875))","(np.float64(1304.802734375), np.float64(1103.0831298828125))","(np.float64(1226.3394775390625), np.float64(1037.536865234375))","(np.float64(1291.121337890625), np.float64(1115.1544189453125))","(np.float64(1218.0833740234375), np.float64(1061.4847412109375))","(np.float64(1270.93212890625), np.float64(1119.228271484375))","(np.float64(1212.2181396484375), np.float64(1089.2060546875))","(np.float64(1248.7510986328125), np.float64(1120.9097900390625))","(np.float64(1208.2845458984375), np.float64(1121.186767578125))","(np.float64(1210.9627685546875), np.float64(1122.8568115234375))"
69,0,labels_v001_193_09_14_21_ Cage Tsom_ 2_Virgin_sub1_357_359_analysis,"(np.float64(1242.3171997070312), np.float64(1028.9039916992188))","(np.float64(1305.298583984375), np.float64(1103.3939208984375))","(np.float64(1226.1478271484375), np.float64(1039.9049072265625))","(np.float64(1293.2545166015625), np.float64(1115.525634765625))","(np.float64(1216.31298828125), np.float64(1065.958740234375))","(np.float64(1271.6807861328125), np.float64(1119.720458984375))","(np.float64(1212.030029296875), np.float64(1090.4268798828125))","(np.float64(1251.2305908203125), np.float64(1121.480712890625))","(np.float64(1208.2542724609375), np.float64(1121.9368896484375))","(np.float64(1211.5174560546875), np.float64(1121.7659912109375))"
70,0,labels_v001_193_09_14_21_ Cage Tsom_ 2_Virgin_sub1_357_359_analysis,"(np.float64(1242.0782470703125), np.float64(1028.71630859375))","(np.float64(1303.002197265625), np.float64(1104.052978515625))","(np.float64(1226.0517578125), np.float64(1038.7799072265625))","(np.float64(1290.803466796875), np.float64(1116.1666259765625))","(np.float64(1217.7421875), np.float64(1061.0740966796875))","(np.float64(1270.6519775390625), np.float64(1121.8095703125))","(np.float64(1211.9368896484375), np.float64(1088.8631591796875))","(np.float64(1248.5853271484375), np.float64(1123.7587890625))","(np.float64(1208.0648193359375), np.float64(1121.070068359375))","(np.float64(1210.656494140625), np.float64(1123.7882080078125))"
71,0,labels_v001_193_09_14_21_ Cage Tsom_ 2_Virgin_sub1_357_359_analysis,"(np.float64(1239.8017578125), np.float64(1028.5634765625))","(np.float64(1302.3717041015625), np.float64(1103.87109375))","(np.float64(1225.51904296875), np.float64(1038.63037109375))","(np.float64(1290.15771484375), np.float64(1117.564453125))","(np.float64(1215.7633056640625), np.float64(1060.910888671875))","(np.float64(1269.9803466796875), np.float64(1121.5455322265625))","(np.float64(1211.4771728515625), np.float64(1088.6947021484375))","(np.float64(1247.93896484375), np.float64(1123.443115234375))","(np.float64(1207.510986328125), np.float64(1120.932373046875))","(np.float64(1209.935791015625), np.float64(1123.421875))"
72,0,labels_v001_193_09_14_21_ Cage Tsom_ 2_Virgin_sub1_357_359_analysis,"(np.float64(1239.7962646484375), np.float64(1028.368408203125))","(np.float64(1301.7393798828125), np.float64(1104.9617919921875))","(np.float64(1225.62451171875), np.float64(1038.4384765625))","(np.float64(1289.5084228515625), np.float64(1118.665283203125))","(np.float64(1215.8438720703125), np.float64(1060.6947021484375))","(np.float64(1269.397705078125), np.float64(1122.72021484375))","(np.float64(1211.5478515625), np.float64(1088.516845703125))","(np.float64(1247.365234375), np.float64(1124.543701171875))","(np.float64(1207.5816650390625), np.float64(1122.39697265625))","(np.float64(1209.4599609375), np.float64(1122.9569091796875))"
73,0,labels_v001_193_09_14_21_ Cage Tsom_ 2_Virgin_sub1_357_359_analysis,"(np.float64(1242.3472900390625), np.float64(1028.6861572265625))","(np.float64(1301.5972900390625), np.float64(1105.5244140625))","(np.float64(1226.3486328125), np.float64(1037.17626953125))","(np.float64(1289.6051025390625), np.float64(1119.385986328125))","(np.float64(1216.5740966796875), np.float64(1061.0499267578125))","(np.float64(1267.98291015625), np.float64(1123.6849365234375))","(np.float64(1212.250732421875), np.float64(1088.8389892578125))","(np.float64(1247.532470703125), np.float64(1125.236572265625))","(np.float64(1208.27099609375), np.float64(1122.7186279296875))","(np.float64(1209.783447265625), np.float64(1125.19873046875))"
74,0,labels_v001_193_09_14_21_ Cage Tsom_ 2_Virgin_sub1_357_359_analysis,"(np.float64(1242.3685302734375), np.float64(1029.165771484375))","(np.float64(1302.0997314453125), np.float64(1105.310546875))","(np.float64(1226.274169921875), np.float64(1037.6353759765625))","(np.float64(1290.1866455078125), np.float64(1119.154296875))","(np.float64(1217.9923095703125), np.float64(1061.5341796875))","(np.float64(1268.51025390625), np.float64(1123.4830322265625))","(np.float64(1212.1357421875), np.float64(1089.3309326171875))","(np.float64(1248.062744140625), np.float64(1125.0860595703125))","(np.float64(1208.01904296875), np.float64(1123.1856689453125))","(np.float64(1210.0244140625), np.float64(1125.38916015625))"
75,0,labels_v001_193_09_14_21_ Cage Tsom_ 2_Virgin_sub1_357_359_analysis,"(np.float64(1241.9361572265625), np.float64(1028.86279296875))","(np.float64(1302.2911376953125), np.float64(1104.7718505859375))","(np.float64(1225.971923828125), np.float64(1037.362060546875))","(np.float64(1290.1785888671875), np.float64(1118.4759521484375))","(np.float64(1217.67724609375), np.float64(1061.251220703125))","(np.float64(1270.0562744140625), np.float64(1122.68359375))","(np.float64(1211.8795166015625), np.float64(1089.0045166015625))","(np.float64(1248.03076171875), np.float64(1124.4581298828125))","(np.float64(1207.81005859375), np.float64(1121.3433837890625))","(np.float64(1210.019775390625), np.float64(1124.42333984375))"
76,0,labels_v001_193_09_14_21_ Cage Tsom_ 2_Virgin_sub1_357_359_analysis,"(np.float64(1240.368896484375), np.float64(1028.76953125))","(np.float64(1302.244873046875), np.float64(1104.9156494140625))","(np.float64(1226.1466064453125), np.float64(1038.82080078125))","(np.float64(1290.2021484375), np.float64(1118.6419677734375))","(np.float64(1216.3731689453125), np.float64(1061.1256103515625))","(np.float64(1270.1221923828125), np.float64(1122.9112548828125))","(np.float64(1212.06591796875), np.float64(1088.899658203125))","(np.float64(1248.1033935546875), np.float64(1124.65576171875))","(np.float64(1207.9788818359375), np.float64(1122.774658203125))","(np.float64(1210.10009765625), np.float64(1124.741943359375))"
77,0,labels_v001_193_09_14_21_ Cage Tsom_ 2_Virgin_sub1_357_359_analysis,"(np.float64(1242.3525390625), np.float64(1029.2607421875))","(np.float64(1302.3778076171875), np.float64(1105.580078125))","(np.float64(1226.2269287109375), np.float64(1037.7169189453125))","(np.float64(1290.4710693359375), np.float64(1119.37939453125))","(np.float64(1217.9805908203125), np.float64(1061.623046875))","(np.float64(1268.84423828125), np.float64(1125.1834716796875))","(np.float64(1212.1385498046875), np.float64(1089.39697265625))","(np.float64(1248.371337890625), np.float64(1127.21630859375))","(np.float64(1208.1510009765625), np.float64(1123.2568359375))","(np.float64(1210.3948974609375), np.float64(1125.3592529296875))"
78,0,labels_v001_193_09_14_21_ Cage Tsom_ 2_Virgin_sub1_357_359_analysis,"(np.float64(1242.343505859375), np.float64(1029.29736328125))","(np.float64(1302.1700439453125), np.float64(1105.7532958984375))","(np.float64(1226.2021484375), np.float64(1037.7567138671875))","(np.float64(1290.1793212890625), np.float64(1119.565673828125))","(np.float64(1217.931396484375), np.float64(1061.6629638671875))","(np.float64(1270.12451171875), np.float64(1123.8973388671875))","(np.float64(1212.090087890625), np.float64(1089.4388427734375))","(np.float64(1248.1251220703125), np.float64(1125.4532470703125))","(np.float64(1208.1265869140625), np.float64(1123.3017578125))","(np.float64(1210.1651611328125), np.float64(1125.552490234375))"
79,0,labels_v001_193_09_14_21_ Cage Tsom_ 2_Virgin_sub1_357_359_analysis,"(np.float64(1242.2779541015625), np.float64(1029.3067626953125))","(np.float64(1302.269775390625), np.float64(1105.703857421875))","(np.float64(1226.13525390625), np.float64(1037.7919921875))","(np.float64(1290.48876953125), np.float64(1119.5650634765625))","(np.float64(1217.8505859375), np.float64(1061.70068359375))","(np.float64(1268.8104248046875), np.float64(1125.362060546875))","(np.float64(1211.9554443359375), np.float64(1089.4560546875))","(np.float64(1248.343505859375), np.float64(1127.3375244140625))","(np.float64(1208.01025390625), np.float64(1123.3289794921875))","(np.float64(1210.3511962890625), np.float64(1125.616455078125))"
80,0,labels_v001_193_09_14_21_ Cage Tsom_ 2_Virgin_sub1_357_359_analysis,"(np.float64(1241.978759765625), np.float64(1029.032470703125))","(np.float64(1302.2867431640625), np.float64(1105.5421142578125))","(np.float64(1225.8868408203125), np.float64(1037.518798828125))","(np.float64(1290.4859619140625), np.float64(1119.3277587890625))","(np.float64(1217.62255859375), np.float64(1061.363525390625))","(np.float64(1270.3929443359375), np.float64(1125.1820068359375))","(np.float64(1211.772216796875), np.float64(1089.1805419921875))","(np.float64(1248.3643798828125), np.float64(1127.1488037109375))","(np.float64(1207.822265625), np.float64(1123.0455322265625))","(np.float64(1210.369873046875), np.float64(1125.3214111328125))"
81,0,labels_v001_193_09_14_21_ Cage Tsom_ 2_Virgin_sub1_357_359_analysis,"(np.float64(1238.79638671875), np.float64(1028.08837890625))","(np.float64(1302.2742919921875), np.float64(1105.6842041015625))","(np.float64(1226.0538330078125), np.float64(1037.4527587890625))","(np.float64(1290.3372802734375), np.float64(1119.373779296875))","(np.float64(1216.316650390625), np.float64(1061.28515625))","(np.float64(1270.28173828125), np.float64(1125.197998046875))","(np.float64(1212.0218505859375), np.float64(1089.091064453125))","(np.float64(1248.2886962890625), np.float64(1125.2698974609375))","(np.float64(1208.008544921875), np.float64(1122.9747314453125))","(np.float64(1210.2464599609375), np.float64(1125.30615234375))"
82,0,labels_v001_193_09_14_21_ Cage Tsom_ 2_Virgin_sub1_357_359_analysis,"(np.float64(1239.1446533203125), np.float64(1027.9735107421875))","(np.float64(1300.772705078125), np.float64(1107.6346435546875))","(np.float64(1226.486083984375), np.float64(1038.8743896484375))","(np.float64(1290.5279541015625), np.float64(1119.842041015625))","(np.float64(1216.778564453125), np.float64(1061.1964111328125))","(np.float64(1270.4425048828125), np.float64(1125.7652587890625))","(np.float64(1212.53515625), np.float64(1088.97021484375))","(np.float64(1248.41748046875), np.float64(1127.638671875))","(np.float64(1208.4945068359375), np.float64(1122.9112548828125))","(np.float64(1210.404541015625), np.float64(1125.6182861328125))"
83,0,labels_v001_193_09_14_21_ Cage Tsom_ 2_Virgin_sub1_357_359_analysis,"(np.float64(1239.5302734375), np.float64(1028.30615234375))","(np.float64(1302.6588134765625), np.float64(1107.656982421875))","(np.float64(1226.7747802734375), np.float64(1037.6357421875))","(np.float64(1290.666259765625), np.float64(1119.854736328125))","(np.float64(1217.0614013671875), np.float64(1061.5406494140625))","(np.float64(1270.5546875), np.float64(1125.6080322265625))","(np.float64(1212.8624267578125), np.float64(1089.302490234375))","(np.float64(1248.5848388671875), np.float64(1125.5458984375))","(np.float64(1208.9371337890625), np.float64(1121.6815185546875))","(np.float64(1210.7115478515625), np.float64(1123.9996337890625))"
84,0,labels_v001_193_09_14_21_ Cage Tsom_ 2_Virgin_sub1_357_359_analysis,"(np.float64(1239.5789794921875), np.float64(1028.3775634765625))","(np.float64(1303.23095703125), np.float64(1107.16796875))","(np.float64(1226.787841796875), np.float64(1037.703125))","(np.float64(1291.603515625), np.float64(1119.4674072265625))","(np.float64(1217.0653076171875), np.float64(1061.63720703125))","(np.float64(1271.54736328125), np.float64(1125.3026123046875))","(np.float64(1212.89599609375), np.float64(1089.3846435546875))","(np.float64(1251.1962890625), np.float64(1127.2237548828125))","(np.float64(1209.05322265625), np.float64(1123.217041015625))","(np.float64(1211.37158203125), np.float64(1123.5753173828125))"
85,0,labels_v001_193_09_14_21_ Cage Tsom_ 2_Virgin_sub1_357_359_analysis,"(np.float64(1239.084228515625), np.float64(1028.2630615234375))","(np.float64(1303.1312255859375), np.float64(1107.2335205078125))","(np.float64(1226.4517822265625), np.float64(1039.1658935546875))","(np.float64(1292.9671630859375), np.float64(1119.5721435546875))","(np.float64(1216.6556396484375), np.float64(1061.5408935546875))","(np.float64(1271.3985595703125), np.float64(1125.3431396484375))","(np.float64(1212.4124755859375), np.float64(1089.2669677734375))","(np.float64(1251.0108642578125), np.float64(1127.2718505859375))","(np.float64(1210.200439453125), np.float64(1123.1046142578125))","(np.float64(1211.298583984375), np.float64(1123.5548095703125))"
86,0,labels_v001_193_09_14_21_ Cage Tsom_ 2_Virgin_sub1_357_359_analysis,"(np.float64(1240.75439453125), np.float64(1028.9339599609375))","(np.float64(1302.8226318359375), np.float64(1107.7344970703125))","(np.float64(1226.5433349609375), np.float64(1039.000732421875))","(np.float64(1290.709716796875), np.float64(1121.543212890625))","(np.float64(1216.7813720703125), np.float64(1061.3336181640625))","(np.float64(1270.583984375), np.float64(1125.7607421875))","(np.float64(1212.5562744140625), np.float64(1089.0599365234375))","(np.float64(1248.587158203125), np.float64(1127.5771484375))","(np.float64(1210.3509521484375), np.float64(1123.020263671875))","(np.float64(1210.904541015625), np.float64(1123.961669921875))"
87,0,labels_v001_193_09_14_21_ Cage Tsom_ 2_Virgin_sub1_357_359_analysis,"(np.float64(1240.9012451171875), np.float64(1029.0577392578125))","(np.float64(1302.53515625), np.float64(1108.2738037109375))","(np.float64(1226.659423828125), np.float64(1039.1263427734375))","(np.float64(1290.3619384765625), np.float64(1122.1038818359375))","(np.float64(1216.9119873046875), np.float64(1061.482421875))","(np.float64(1270.2294921875), np.float64(1126.2908935546875))","(np.float64(1212.706787109375), np.float64(1089.193115234375))","(np.float64(1248.2376708984375), np.float64(1128.1475830078125))","(np.float64(1210.491943359375), np.float64(1123.199462890625))","(np.float64(1212.1103515625), np.float64(1124.4959716796875))"
88,0,labels_v001_193_09_14_21_ Cage Tsom_ 2_Virgin_sub1_357_359_analysis,"(np.float64(1240.809814453125), np.float64(1028.9273681640625))","(np.float64(1302.4853515625), np.float64(1108.2083740234375))","(np.float64(1226.5977783203125), np.float64(1039.01318359375))","(np.float64(1290.3201904296875), np.float64(1121.9974365234375))","(np.float64(1216.8468017578125), np.float64(1061.3345947265625))","(np.float64(1270.159912109375), np.float64(1126.16259765625))","(np.float64(1212.66162109375), np.float64(1089.0584716796875))","(np.float64(1248.1370849609375), np.float64(1127.9852294921875))","(np.float64(1210.4757080078125), np.float64(1123.0390625))","(np.float64(1212.078857421875), np.float64(1124.3389892578125))"
89,0,labels_v001_193_09_14_21_ Cage Tsom_ 2_Virgin_sub1_357_359_analysis,"(np.float64(1239.1669921875), np.float64(1028.0592041015625))","(np.float64(1302.9285888671875), np.float64(1107.99169921875))","(np.float64(1226.5740966796875), np.float64(1039.0054931640625))","(np.float64(1290.8145751953125), np.float64(1121.8028564453125))","(np.float64(1216.838134765625), np.float64(1061.3309326171875))","(np.float64(1270.6234130859375), np.float64(1126.066162109375))","(np.float64(1212.6444091796875), np.float64(1089.046630859375))","(np.float64(1248.6177978515625), np.float64(1127.74853515625))","(np.float64(1210.5572509765625), np.float64(1123.060546875))","(np.float64(1212.561767578125), np.float64(1125.6993408203125))"
90,0,labels_v001_193_09_14_21_ Cage Tsom_ 2_Virgin_sub1_357_359_analysis,"(np.float64(1239.161865234375), np.float64(1028.81689453125))","(np.float64(1305.1431884765625), np.float64(1107.836669921875))","(np.float64(1226.6466064453125), np.float64(1038.91357421875))","(np.float64(1293.208740234375), np.float64(1120.1529541015625))","(np.float64(1216.888427734375), np.float64(1061.2188720703125))","(np.float64(1271.6044921875), np.float64(1126.1005859375))","(np.float64(1212.6787109375), np.float64(1088.9420166015625))","(np.float64(1251.1640625), np.float64(1127.863037109375))","(np.float64(1210.7186279296875), np.float64(1122.9058837890625))","(np.float64(1213.2208251953125), np.float64(1125.7987060546875))"
91,0,labels_v001_193_09_14_21_ Cage Tsom_ 2_Virgin_sub1_357_359_analysis,"(np.float64(1239.0882568359375), np.float64(1028.8238525390625))","(np.float64(1305.177001953125), np.float64(1108.552490234375))","(np.float64(1226.629150390625), np.float64(1038.9176025390625))","(np.float64(1293.24560546875), np.float64(1120.9034423828125))","(np.float64(1216.8441162109375), np.float64(1061.2220458984375))","(np.float64(1273.05517578125), np.float64(1126.9427490234375))","(np.float64(1212.6181640625), np.float64(1088.943603515625))","(np.float64(1251.0740966796875), np.float64(1128.58251953125))","(np.float64(1210.7520751953125), np.float64(1122.9141845703125))","(np.float64(1213.244384765625), np.float64(1126.54150390625))"
92,0,labels_v001_193_09_14_21_ Cage Tsom_ 2_Virgin_sub1_357_359_analysis,"(np.float64(1238.963623046875), np.float64(1028.6939697265625))","(np.float64(1305.6484375), np.float64(1107.1322021484375))","(np.float64(1226.4754638671875), np.float64(1038.7655029296875))","(np.float64(1293.733154296875), np.float64(1121.052001953125))","(np.float64(1216.6611328125), np.float64(1061.0787353515625))","(np.float64(1273.5394287109375), np.float64(1127.1729736328125))","(np.float64(1212.4984130859375), np.float64(1088.802734375))","(np.float64(1251.4852294921875), np.float64(1128.8865966796875))","(np.float64(1210.656005859375), np.float64(1122.6495361328125))","(np.float64(1213.6806640625), np.float64(1127.0537109375))"
93,0,labels_v001_193_09_14_21_ Cage Tsom_ 2_Virgin_sub1_357_359_analysis,"(np.float64(1238.694091796875), np.float64(1028.489501953125))","(np.float64(1305.3564453125), np.float64(1107.13427734375))","(np.float64(1226.2672119140625), np.float64(1038.570556640625))","(np.float64(1293.4097900390625), np.float64(1121.0166015625))","(np.float64(1216.4542236328125), np.float64(1060.8447265625))","(np.float64(1273.1658935546875), np.float64(1127.1279296875))","(np.float64(1212.2899169921875), np.float64(1088.569580078125))","(np.float64(1251.0816650390625), np.float64(1128.84228515625))","(np.float64(1210.494140625), np.float64(1122.4425048828125))","(np.float64(1213.383056640625), np.float64(1127.001708984375))"
94,0,labels_v001_193_09_14_21_ Cage Tsom_ 2_Virgin_sub1_357_359_analysis,"(np.float64(1238.7645263671875), np.float64(1028.6094970703125))","(np.float64(1305.8699951171875), np.float64(1107.4112548828125))","(np.float64(1226.3255615234375), np.float64(1038.6798095703125))","(np.float64(1293.95849609375), np.float64(1121.3326416015625))","(np.float64(1216.534912109375), np.float64(1060.9678955078125))","(np.float64(1273.8275146484375), np.float64(1127.40966796875))","(np.float64(1212.3909912109375), np.float64(1088.6834716796875))","(np.float64(1251.6962890625), np.float64(1129.2353515625))","(np.float64(1210.5931396484375), np.float64(1122.5340576171875))","(np.float64(1213.8802490234375), np.float64(1127.3458251953125))"
95,0,labels_v001_193_09_14_21_ Cage Tsom_ 2_Virgin_sub1_357_359_analysis,"(np.float64(1238.8687744140625), np.float64(1028.5584716796875))","(np.float64(1305.616943359375), np.float64(1107.2613525390625))","(np.float64(1226.421630859375), np.float64(1038.657470703125))","(np.float64(1293.5784912109375), np.float64(1121.121337890625))","(np.float64(1216.642578125), np.float64(1060.94189453125))","(np.float64(1273.4298095703125), np.float64(1127.1202392578125))","(np.float64(1212.469482421875), np.float64(1088.6561279296875))","(np.float64(1251.3302001953125), np.float64(1129.0738525390625))","(np.float64(1210.6810302734375), np.float64(1122.510009765625))","(np.float64(1213.6331787109375), np.float64(1127.2618408203125))"
96,0,labels_v001_193_09_14_21_ Cage Tsom_ 2_Virgin_sub1_357_359_analysis,"(np.float64(1240.8768310546875), np.float64(1028.7275390625))","(np.float64(1306.123779296875), np.float64(1106.69091796875))","(np.float64(1226.6552734375), np.float64(1038.8056640625))","(np.float64(1294.1405029296875), np.float64(1120.5074462890625))","(np.float64(1216.8387451171875), np.float64(1061.1527099609375))","(np.float64(1273.9998779296875), np.float64(1126.529296875))","(np.float64(1212.7464599609375), np.float64(1088.86962890625))","(np.float64(1251.845703125), np.float64(1128.4168701171875))","(np.float64(1210.9130859375), np.float64(1121.1400146484375))","(np.float64(1214.0050048828125), np.float64(1126.7884521484375))"
97,0,labels_v001_193_09_14_21_ Cage Tsom_ 2_Virgin_sub1_357_359_analysis,"(np.float64(1240.8572998046875), np.float64(1028.6895751953125))","(np.float64(1306.1513671875), np.float64(1106.542724609375))","(np.float64(1226.65380859375), np.float64(1038.75146484375))","(np.float64(1294.142822265625), np.float64(1120.40234375))","(np.float64(1216.8232421875), np.float64(1061.1092529296875))","(np.float64(1274.0093994140625), np.float64(1126.46435546875))","(np.float64(1212.7042236328125), np.float64(1088.828857421875))","(np.float64(1251.870361328125), np.float64(1128.313232421875))","(np.float64(1210.89404296875), np.float64(1121.0838623046875))","(np.float64(1214.0440673828125), np.float64(1128.2591552734375))"
98,0,labels_v001_193_09_14_21_ Cage Tsom_ 2_Virgin_sub1_357_359_analysis,"(np.float64(1239.2113037109375), np.float64(1028.7740478515625))","(np.float64(1306.10595703125), np.float64(1106.384521484375))","(np.float64(1226.6602783203125), np.float64(1038.8660888671875))","(np.float64(1294.142578125), np.float64(1120.2615966796875))","(np.float64(1216.8387451171875), np.float64(1061.2340087890625))","(np.float64(1274.048583984375), np.float64(1126.420654296875))","(np.float64(1212.761474609375), np.float64(1088.9415283203125))","(np.float64(1251.9071044921875), np.float64(1128.25341796875))","(np.float64(1210.88818359375), np.float64(1121.220458984375))","(np.float64(1213.9847412109375), np.float64(1128.2789306640625))"
99,0,labels_v001_193_09_14_21_ Cage Tsom_ 2_Virgin_sub1_357_359_analysis,"(np.float64(1238.8126220703125), np.float64(1028.4017333984375))","(np.float64(1306.0458984375), np.float64(1107.15283203125))","(np.float64(1226.4215087890625), np.float64(1038.4794921875))","(np.float64(1294.2490234375), np.float64(1121.12109375))","(np.float64(1216.621337890625), np.float64(1060.669921875))","(np.float64(1274.0404052734375), np.float64(1127.3421630859375))","(np.float64(1212.5843505859375), np.float64(1088.477294921875))","(np.float64(1251.849853515625), np.float64(1131.127197265625))","(np.float64(1208.9371337890625), np.float64(1120.690185546875))","(np.float64(1215.784423828125), np.float64(1133.18115234375))"
100,0,labels_v001_193_09_14_21_ Cage Tsom_ 2_Virgin_sub1_357_359_analysis,"(np.float64(1238.4801025390625), np.float64(1028.158203125))","(np.float64(1306.463134765625), np.float64(1106.455322265625))","(np.float64(1224.6644287109375), np.float64(1038.256103515625))","(np.float64(1296.364990234375), np.float64(1120.3863525390625))","(np.float64(1216.4053955078125), np.float64(1060.39599609375))","(np.float64(1274.59033203125), np.float64(1128.3360595703125))","(np.float64(1212.3934326171875), np.float64(1088.1875))","(np.float64(1252.3104248046875), np.float64(1132.389892578125))","(np.float64(1208.70751953125), np.float64(1120.497314453125))","(np.float64(1218.2164306640625), np.float64(1136.724365234375))"
101,0,labels_v001_193_09_14_21_ Cage Tsom_ 2_Virgin_sub1_357_359_analysis,"(np.float64(1238.7060546875), np.float64(1028.444580078125))","(np.float64(1307.9727783203125), np.float64(1104.0859375))","(np.float64(1226.340087890625), np.float64(1038.509521484375))","(np.float64(1297.922607421875), np.float64(1119.7576904296875))","(np.float64(1216.6151123046875), np.float64(1060.6951904296875))","(np.float64(1278.0523681640625), np.float64(1129.75634765625))","(np.float64(1212.4910888671875), np.float64(1088.50244140625))","(np.float64(1256.031982421875), np.float64(1135.756103515625))","(np.float64(1208.80126953125), np.float64(1120.7041015625))","(np.float64(1221.9691162109375), np.float64(1142.1483154296875))"
